Class Nbr,Instruction Type,Room,Meeting Days,Start Time,Enrollment Total,Status,Name
1758,In Person,LY120,MWF,12:00,5,Active,1
1800,In Person,LY218,MWF,14:00,20,Active,1
2001,In Person,BH261,MWF,12:00,33,Active,2
2002,In Person,BH415,M,14:00,17,Active,2
2019,In Person,BH105,MWF,10:00,16,Active,2
2020,In Person,BH310,H,8:00,16,Active,2
3276,In Person,OM281,TH,15:00,10,Active,3
3469,In Person,OM288,TH,12:00,31,Active,3
1941,In Person,SA13G,MWF,10:00,40,Active,4
3182,In Person,OM31,TH,13:30,3,Active,4
3193,In Person,SA5G,TH,12:00,8,Active,4
3194,In Person,SA13G,MWF,9:00,23,Active,4
2594,In Person,BH202,H,14:00,5,Active,5
2649,In Person,AF200,MWF,12:00,9,Active,5
3171,In Person,BH260,MWF,10:00,30,Active,5
1709,Blnd30-79,AF103,MW,14:00,20,Active,6
3334,Blnd30-79,AF202,MW,15:00,21,Active,6
3345,In Person,LY212,TH,9:30,24,Active,6
3346,In Person,LY108,TH,12:00,24,Active,6
2603,In Person,AF201,MW,10:00,89,Active,7
2604,In Person,BH211,T,14:00,21,Active,7
2605,In Person,BH211,H,14:00,24,Active,7
2606,In Person,BH211,M,14:00,21,Active,7
2607,In Person,BH211,W,14:00,23,Active,7
2672,In Person,AF201,MW,10:00,7,Active,7
2673,In Person,BH211,T,14:00,3,Active,7
2675,In Person,BH211,M,14:00,3,Active,7
1866,In Person,SA14G,MW,19:00,6,Active,8
1962,In Person,OM145,TH,13:30,11,Active,8
3542,In Person,OM145,TH,15:00,3,Active,8
3278,In Person,OM140,MWF,12:00,25,Active,9
3376,In Person,OM276,MWF,14:00,35,Active,9
3377,In Person,OM276,MWF,15:00,21,Active,9
3552,In Person,OM140,TH,13:30,3,Active,9
2583,In Person,BH230,T,15:00,4,Active,10
2610,In Person,BH145,MW,11:00,34,Active,10
2611,In Person,BH207,H,14:00,17,Active,10
2612,In Person,BH207,H,18:00,17,Active,10
2613,In Person,BH220,TH,12:00,10,Active,10
2177,In Person,OM294,MW,13:00,15,Active,11
2187,In Person,OM132,MW,15:00,19,Active,11
2197,In Person,OM136,TH,12:00,27,Active,11
2202,In Person,OM141,TH,13:30,32,Active,11
2011,In Person,BH310,M,14:00,16,Active,12
2013,In Person,BH310,W,14:00,14,Active,12
2022,In Person,BH310,F,14:00,14,Active,12
2926,In Person,LC4,TH,12:00,13,Active,13
2930,In Person,LC4,TH,15:00,20,Active,13
3164,In Person,LC30,WF,12:00,17,Active,13
1407,In Person,BK215,TH,15:00,23,Active,14
1421,In Person,BK213,H,17:00,22,Active,14
1422,In Person,BK213,TH,12:00,29,Active,14
2226,In Person,BK103,MWF,10:00,23,Active,15
3234,In Person,BK103,MWF,13:00,24,Active,15
1035,In Person,OM297,WF,12:00,3,Active,16
1049,In Person,OM297,WF,10:00,2,Active,16
2136,In Person,OM297,WF,10:00,3,Active,16
2184,In Person,OM297,WF,12:00,22,Active,16
2201,In Person,AF103,TH,9:30,45,Active,16
2207,In Person,AF202,TH,12:00,45,Active,16
2208,In Person,OM297,WF,10:00,20,Active,16
1430,In Person,BK123,TH,14:00,22,Active,17
1432,In Person,BK123,TH,9:00,19,Active,17
1433,In Person,BK123,MW,10:00,22,Active,17
2016,In Person,BH107,TH,13:00,28,Active,18
2017,In Person,BH305,TH,8:00,14,Active,18
2031,In Person,AF102,MWF,11:00,120,Active,18
3244,In Person,SH120,H,18:00,29,Active,19
3322,In Person,SH120,MW,15:00,27,Active,19
3458,In Person,SH120,MW,16:30,7,Active,19
2014,In Person,BH310,H,14:00,13,Active,20
2029,In Person,BH107,MWF,12:00,11,Active,20
2030,In Person,BH307,M,14:00,11,Active,20
3031,In Person,BH105,MWF,9:00,20,Active,20
3007,In Person,OM141,TH,16:30,10,Active,21
1626,In Person,LY114,TH,13:30,25,Active,22
2223,In Person,BK109,MW,15:00,17,Active,23
2230,In Person,BK109,TH,13:30,13,Active,23
2231,In Person,BK121A,T,17:30,24,Active,23
1308,In Person,OM283,MWF,10:00,20,Active,24
1314,In Person,OM276,MWF,11:00,20,Active,24
3228,In Person,OM283,MWF,14:00,36,Active,24
3263,In Person,OM281,MWF,13:00,21,Active,24
1271,In Person,OM283,W,17:00,21,Active,25
1280,In Person,OM141,M,17:00,12,Active,25
2990,In Person,OM287,H,17:00,16,Active,25
2240,In Person,BK121A,TH,9:30,15,Active,26
2247,In Person,BK121A,MW,12:00,17,Active,26
2114,In Person,OM287,TH,12:00,25,Active,27
2115,In Person,OM138,TH,9:30,25,Active,27
2974,In Person,OM123,W,15:00,20,Active,27
2589,In Person,BH145,MWF,12:00,22,Active,28
2595,In Person,BH202,H,18:00,8,Active,28
2629,In Person,BH230,W,9:00,9,Active,28
3166,In Person,BH202,W,14:00,3,Active,28
1972,Blnd30-79,OM31,T,18:00,5,Active,29
1936,In Person,SA5G,MWF,11:00,10,Active,29
1938,In Person,SA5G,MW,8:00,23,Active,29
1950,In Person,SA5G,MWF,14:00,2,Active,29
2378,In Person,BH105,T,9:00,23,Active,30
2379,In Person,BH104,H,9:00,22,Active,30
2381,In Person,GC2,MW,16:30,15,Active,30
2382,In Person,GC2,MWF,12:00,21,Active,30
1347,In Person,OM158,MWF,14:00,11,Active,31
1351,In Person,OM159,MWF,11:00,19,Active,31
1360,In Person,GR307,TH,13:30,16,Active,31
1366,In Person,OM159,MWF,12:00,19,Active,31
2443,In Person,KY109,TH,13:30,21,Active,32
2448,In Person,OM132,TH,8:00,24,Active,32
2449,In Person,OM140,W,15:00,25,Active,32
2985,In Person,KY109,TH,12:00,15,Active,32
1148,Blnd30-79,DF215,H,18:00,14,Active,33
1141,In Person,DF27,TH,9:30,24,Active,33
1161,In Person,DF215,TH,12:00,26,Active,33
1179,In Person,DF215,TH,12:00,4,Active,33
1607,In Person,LY228,MWF,10:00,24,Active,34
3008,In Person,LY206,MWF,11:00,20,Active,34
3403,In Person,LY206,MWF,11:00,5,Active,34
1267,In Person,OM123,M,17:00,11,Active,35
1276,In Person,OM278,W,17:00,16,Active,35
2991,In Person,OM283,H,17:00,10,Active,35
2305,In Person,OM25,MWF,11:00,10,Active,36
2325,In Person,OM281,MWF,12:00,4,Active,36
2460,Blnd30-79,KY107,MWF,9:00,29,Active,37
2466,Blnd30-79,KY107,MWF,10:00,28,Active,37
2441,In Person,KY107,MWF,12:00,27,Active,37
2463,In Person,KY107,MWF,13:00,30,Active,37
2387,In Person,BH104,M,11:00,9,Active,38
2388,In Person,BH104,W,11:00,9,Active,38
2952,In Person,GC1,TH,12:00,7,Active,38
1065,In Person,DF206,TH,9:30,17,Active,39
1069,In Person,DF26,TH,8:00,30,Active,39
2919,In Person,LC4,WF,9:00,21,Active,40
2923,In Person,LC29,WF,12:00,15,Active,40
2368,In Person,BH262,MWF,10:00,21,Active,41
2374,In Person,GC100,MW,15:00,13,Active,41
2380,In Person,GC100,TH,13:30,20,Active,41
3140,In Person,SH11G,MW,12:00,23,Active,42
3197,In Person,SH11G,MW,15:00,18,Active,42
3198,In Person,SH11G,T,15:00,18,Active,42
3208,In Person,SH11G,MW,15:00,6,Active,42
3209,In Person,SH11G,T,15:00,4,Active,42
1316,In Person,OM283,MWF,13:00,35,Active,43
3260,In Person,OM278,MWF,10:00,2,Active,43
3267,In Person,OM283,MWF,9:00,20,Active,43
3385,In Person,OM288,MWF,14:00,35,Active,43
3398,In Person,OM283,MWF,9:00,15,Active,43
2438,In Person,KY129,TH,12:00,28,Active,44
2439,In Person,KY129,M,15:00,26,Active,44
2440,In Person,KY129,TH,13:30,28,Active,44
2461,In Person,KY108,TH,8:00,23,Active,44
1027,In Person,OM28,TH,9:30,8,Active,45
1038,In Person,OM123,TH,15:00,24,Active,45
1044,In Person,OM28,TH,13:30,16,Active,45
3383,In Person,OM123,TH,15:00,5,Active,45
1205,In Person,SH105,TH,15:00,16,Active,46
1206,In Person,SH105,TH,15:00,17,Active,46
1220,In Person,SH105,MW,18:00,18,Active,46
1221,In Person,SH105,TH,12:00,19,Active,46
1105,In Person,DF210,TH,9:30,13,Active,47
1106,In Person,DF210,TH,13:30,16,Active,47
2960,In Person,DF26,TH,15:00,12,Active,47
2081,In Person,BH411,T,18:00,15,Active,48
2093,In Person,BH411,M,18:00,17,Active,48
2097,In Person,BH411,W,18:00,15,Active,48
3025,In Person,BH105,MW,15:00,16,Active,48
2372,In Person,AF202,M,13:00,38,Active,49
2373,In Person,GC1,W,13:00,23,Active,49
2375,In Person,GC1,F,13:00,15,Active,49
3365,In Person,BH262,MWF,8:00,2,Active,49
2312,In Person,OM23,MWF,12:00,23,Active,50
2319,In Person,OM25,M,18:00,12,Active,50
2326,In Person,OM280,W,15:00,8,Active,50
2332,In Person,OM22A,T,18:00,9,Active,50
1706,In Person,DF24,MWF,9:00,18,Active,51
1707,In Person,DF24,MWF,10:00,35,Active,51
3332,In Person,LY106,TH,9:30,25,Active,51
3333,In Person,LY106,TH,12:00,25,Active,51
3017,In Person,LY114,MWF,11:00,25,Active,52
3106,In Person,LY114,MWF,10:00,25,Active,52
1364,In Person,GR307,MWF,8:00,12,Active,53
1369,In Person,GR307,MWF,9:00,17,Active,53
1395,In Person,GR307,MWF,10:00,17,Active,53
3408,In Person,GR307,MWF,8:00,3,Active,53
3042,InterTV,OM158,T,18:00,12,Active,53
1429,In Person,BK125,MW,9:00,19,Active,54
3447,In Person,BK203,MW,13:30,23,Active,54
3449,In Person,BK215,MW,12:00,23,Active,54
1628,In Person,LY114,MW,15:00,24,Active,55
3000,In Person,LY202,MWF,14:00,18,Active,55
3405,In Person,LY202,MWF,14:00,7,Active,55
1192,In Person,SH212,MW,12:00,18,Active,56
1194,In Person,SH212,TH,8:00,18,Active,56
1201,In Person,SH212,TH,12:00,22,Active,56
1202,In Person,SH212,TH,12:00,21,Active,56
1675,In Person,RL17,MW,15:00,17,Active,57
3112,In Person,LY114,TH,9:30,24,Active,57
3131,In Person,RL17,TH,13:30,24,Active,57
3132,In Person,RL17,TH,15:00,12,Active,57
3420,In Person,RL17,TH,15:00,10,Active,57
1256,In Person,OM280,H,17:00,16,Active,58
1266,In Person,OM299,M,17:00,11,Active,58
1268,In Person,OM21,T,17:00,6,Active,58
1352,In Person,OM159,MWF,13:00,25,Active,59
1356,In Person,OM159,MWF,14:00,24,Active,59
2949,In Person,OM158,TH,15:00,17,Active,59
1004,In Person,AF202,TH,13:30,43,Active,60
1005,In Person,AF202,TH,15:00,17,Active,60
2515,In Person,LC113C,TH,13:30,20,Active,61
2534,In Person,LC113C,TH,9:30,15,Active,61
3073,In Person,LC238,TH,15:00,17,Active,61
3605,In Person,LC113C,MW,15:00,25,Active,61
3074,In Person,LC225,MW,15:00,14,Active,62
2627,In Person,BH237,W,18:00,20,Active,63
2638,In Person,BH261,TH,12:00,18,Active,63
2639,In Person,BH211,F,14:00,18,Active,63
3240,In Person,BH262,MWF,11:00,4,Active,63
1666,In Person,RL23,TH,13:30,25,Active,64
1667,In Person,RL16,TH,15:00,25,Active,64
1669,In Person,RL16,MW,15:00,15,Active,64
3019,In Person,OM130,TH,9:30,8,Active,64
1290,Blnd30-79,OM125,H,17:00,9,Active,65
1293,In Person,OM287,M,17:00,8,Active,65
1761,In Person,LY226,MWF,13:00,18,Active,66
1762,In Person,LY225,MTWF,12:00,12,Active,66
1763,In Person,LY218,MTWF,10:00,14,Active,66
1080,In Person,DF117,TH,9:30,30,Active,67
1081,In Person,DF117,TH,12:00,29,Active,67
1140,In Person,DF117,TH,15:00,31,Active,67
1150,In Person,DF206,TH,13:30,30,Active,67
1098,In Person,DF210,MWF,12:00,40,Active,68
1103,In Person,LC236,MWF,9:00,33,Active,68
1113,In Person,LC236,MWF,10:00,35,Active,68
1588,In Person,DF114,MWF,11:00,24,Active,69
2082,In Person,BH261,MWF,9:00,44,Active,70
2088,In Person,BH411,W,14:00,10,Active,70
3467,In Person,GR301,M,14:00,14,Active,70
3468,In Person,BH105,MW,13:00,14,Active,70
3478,In Person,BH411,F,15:00,18,Active,70
3479,In Person,BH105,WF,11:00,18,Active,70
1625,In Person,LC106,TH,13:30,12,Active,71
3128,In Person,LC106,TH,9:30,24,Active,71
3401,In Person,LC106,TH,13:30,13,Active,71
1620,In Person,LY206,TH,15:00,17,Active,72
1621,In Person,LY120,MW,15:00,10,Active,72
3119,In Person,LY206,TH,12:00,24,Active,72
2760,In Person,SH12G,TH,12:00,19,Active,73
2796,In Person,SH12G,H,15:00,8,Active,73
2799,In Person,SH12G,H,15:00,4,Active,73
2059,In Person,AF201,MWF,12:00,82,Active,74
2060,In Person,BH126,MWF,10:00,9,Active,74
2061,In Person,BH126,T,14:00,9,Active,74
3557,In Person,BH100,W,14:00,6,Active,74
3482,In Person,OM158,TH,8:00,22,Active,75
3483,In Person,OM158,TH,9:30,25,Active,75
1023,In Person,AF101,TH,13:30,36,Active,76
1046,In Person,OM25,TH,12:00,25,Active,76
3102,In Person,OM287,MW,14:00,25,Active,76
1711,In Person,LY106,MWF,9:00,8,Active,77
1737,In Person,LY106,W,15:00,17,Active,77
1727,In Person,LY206,MWF,12:00,25,Active,78
1738,In Person,AF203,MWF,8:00,51,Active,78
1739,In Person,AF203,TH,8:00,70,Active,78
3373,In Person,LY109,MWF,11:00,29,Active,78
1937,In Person,SA5G,TH,18:00,22,Active,79
1133,In Person,LC225,TH,12:00,35,Active,80
1134,In Person,LC225,TH,13:30,31,Active,80
1135,In Person,DF210,W,18:00,33,Active,80
3603,In Person,LC238,TH,13:30,18,Active,81
1136,In Person,DF210,MW,16:30,33,Active,82
1143,In Person,AF103,TH,15:00,36,Active,82
1144,In Person,AF103,TH,16:30,35,Active,82
1149,In Person,DF212,MW,15:00,19,Active,82
1301,In Person,OM288,TH,9:30,18,Active,83
1337,In Person,OM136,TH,16:30,12,Active,83
3262,In Person,OM288,TH,15:00,22,Active,83
3265,In Person,OM281,TH,13:30,33,Active,83
2277,In Person,OM21,MWF,11:00,20,Active,84
1410,In Person,BK101,TH,15:00,23,Active,85
1455,In Person,BK235,W,15:30,16,Active,85
1456,In Person,BK235,TH,13:30,33,Active,85
1457,In Person,BK209,MW,13:30,32,Active,85
1078,In Person,DF26,MWF,10:00,27,Active,86
1079,In Person,DF117,MWF,11:00,21,Active,86
1138,In Person,DF26,MWF,9:00,32,Active,86
2971,In Person,DF117,MWF,12:00,15,Active,86
3096,In Person,AF201,MWF,11:00,35,Active,87
3098,In Person,GC2,MWF,13:00,28,Active,87
3107,In Person,OM278,MW,15:00,9,Active,87
2850,In Person,SH206,MW,8:00,2,Active,88
2851,In Person,SH206,TH,12:00,2,Active,88
3258,In Person,SH206,MW,12:00,8,Active,88
2593,In Person,BH202,T,14:00,10,Active,89
2621,In Person,AF202,MW,12:00,30,Active,89
2623,In Person,BH230,F,14:00,15,Active,89
2635,In Person,BH202,M,14:00,11,Active,89
2125,In Person,OM22B,TH,9:30,25,Active,90
2126,In Person,OM22B,TH,13:30,22,Active,90
2129,In Person,OM22B,H,18:00,2,Active,90
1274,Blnd30-79,OM140,T,17:00,14,Active,91
1259,In Person,OM128B,M,17:00,9,Active,91
2275,In Person,OM21,TH,12:00,20,Active,92
2298,In Person,OM23,F,7:00,6,Active,92
2299,In Person,OM288,T,18:00,6,Active,92
2323,In Person,OM22A,W,15:00,9,Active,92
1829,In Person,OM288,MWF,10:00,13,Active,93
1832,In Person,OM280,MWF,12:00,9,Active,93
1833,In Person,OM278,MWF,11:00,6,Active,93
3029,In Person,OM132,MWF,13:00,8,Active,93
1054,In Person,DF214,TH,13:30,27,Active,94
1063,In Person,DF214,MW,15:00,12,Active,94
1064,In Person,DF214,TH,12:00,30,Active,94
1067,In Person,DF213,TH,9:30,19,Active,94
1528,In Person,RL16,TH,9:30,18,Active,95
1531,In Person,RL16,TH,13:30,20,Active,95
2966,In Person,RL17,TH,12:00,25,Active,95
2324,In Person,OM21,H,18:00,12,Active,96
2327,In Person,BK205,MWF,9:00,20,Active,96
2338,In Person,OM136,T,18:00,5,Active,96
1561,In Person,LY212,MWF,14:00,24,Active,97
1670,In Person,LY228,MWF,9:00,25,Active,97
3003,In Person,LY136,MWF,10:00,18,Active,97
1324,In Person,OM278,TH,12:00,23,Active,98
1327,In Person,OM140,TH,9:30,21,Active,98
3471,In Person,OM280,M,18:00,19,Active,98
3323,Blnd30-79,SH123,M,15:00,32,Active,99
2432,In Person,AF200,MWF,9:00,16,Active,100
2433,In Person,AF200,MWF,10:00,58,Active,100
2994,In Person,AF103,MWF,12:00,30,Active,100
2995,In Person,AF203,MWF,13:00,30,Active,100
2996,In Person,AF203,MWF,14:00,30,Active,100
2588,In Person,AF201,MWF,9:00,33,Active,101
2590,In Person,BH202,T,8:00,5,Active,101
2634,In Person,BH220,MW,12:00,9,Active,101
2656,In Person,BH262,TH,13:00,12,Active,101
2657,In Person,BH207,W,14:00,12,Active,101
2582,In Person,BH230,H,9:00,6,Active,102
2585,In Person,BH230,M,11:00,15,Active,102
2645,In Person,BH240,M,18:00,5,Active,102
3167,In Person,BH261,TH,13:00,23,Active,102
3168,In Person,BH109,T,14:00,23,Active,102
1619,In Person,LY206,MWF,13:00,24,Active,103
3397,In Person,OM136,MWF,10:00,25,Active,103
2109,In Person,GC200,M,15:00,10,Active,104
2130,In Person,LY202,TH,12:00,22,Active,104
2131,In Person,LY202,TH,13:30,5,Active,104
1142,In Person,LC236,MWF,11:00,30,Active,105
1156,In Person,DF206,MW,15:00,25,Active,105
1157,In Person,DF206,MW,16:30,25,Active,105
1162,In Person,LC238,MWF,12:00,30,Active,105
2580,In Person,BH145,TH,12:00,65,Active,106
2584,In Person,BH230,M,13:00,21,Active,106
2592,In Person,BH202,H,8:00,14,Active,106
2602,In Person,BH261,TH,15:00,19,Active,106
2650,In Person,BH202,T,18:00,3,Active,106
1312,In Person,OM283,T,15:00,13,Active,107
1329,In Person,OM288,TH,13:30,30,Active,107
3285,In Person,OM280,TH,9:30,18,Active,107
3286,In Person,OM132,TH,12:00,25,Active,107
1361,In Person,OM159,TH,12:00,10,Active,108
1363,In Person,OM159,MW,16:30,13,Active,108
1386,In Person,OM159,TH,13:30,14,Active,108
1389,In Person,OM159,TH,12:00,3,Active,108
2948,InterTV,OM158,H,18:00,5,Active,108
1291,Blnd30-79,OM140,T,17:00,9,Active,109
1292,In Person,OM276,M,17:00,9,Active,109
1294,In Person,OM128B,W,17:00,9,Active,109
1933,In Person,OM145,MW,12:00,10,Active,110
1943,In Person,SA13G,TH,9:30,20,Active,110
1952,In Person,OM25,TH,13:30,48,Active,110
1957,In Person,OM145,MW,10:00,6,Active,110
1961,In Person,OM145,MW,9:00,5,Active,110
2846,In Person,SH111,MW,15:00,15,Active,111
3252,In Person,SH111,TH,12:00,11,Active,111
3084,In Person,LC113C,MWF,11:00,4,Active,112
3085,In Person,LC113C,MWF,12:00,13,Active,112
1868,In Person,SA14G,M,15:00,2,Active,113
1897,In Person,SA114,TH,16:30,28,Active,113
1935,In Person,SA3G,MW,10:00,12,Active,113
1944,In Person,SA13G,TH,12:00,39,Active,113
1970,In Person,OM31,TH,10:00,7,Active,113
2173,In Person,AF103,TH,12:00,20,Active,114
2206,In Person,AF102,MWF,9:00,45,Active,114
3291,In Person,AF200,TH,8:00,10,Active,114
3299,In Person,AF202,MWF,10:00,30,Active,114
2135,Blnd30-79,OM278,TH,13:30,21,Active,115
2127,In Person,OM136,W,18:00,11,Active,115
2128,In Person,OM136,W,18:00,2,Active,115
2558,In Person,OM278,MWF,9:00,16,Active,116
2559,In Person,OM287,MWF,10:00,32,Active,116
2564,In Person,OM276,MWF,12:00,30,Active,116
3553,In Person,OM283,TH,9:30,13,Active,116
1520,In Person,RL17,MWF,9:00,12,Active,117
1521,In Person,RL17,MWF,10:00,22,Active,117
1024,In Person,AF101,MWF,13:00,34,Active,118
1036,In Person,OM281,MWF,10:00,30,Active,118
1418,In Person,BK218,TH,13:30,33,Active,119
1420,In Person,BK115,W,15:00,26,Active,119
1431,In Person,BK123,TH,12:00,22,Active,119
3062,Blnd30-79,LC117,M,15:00,11,Active,120
3360,Blnd30-79,LC117,M,15:00,2,Active,120
2487,In Person,LC123,TH,9:30,14,Active,120
3066,In Person,LC123,TH,12:00,25,Active,120
3068,In Person,LC117,TH,13:30,4,Active,120
2233,In Person,BK113,TH,12:00,18,Active,121
2235,In Person,BK113,TH,9:00,9,Active,121
2236,In Person,BK113,T,16:00,4,Active,121
2257,In Person,BK113,TH,16:00,2,Active,121
2914,Blnd30-79,LC135,T,9:30,27,Active,122
2927,In Person,LC30,TH,12:00,20,Active,122
2924,In Person,LC29,TH,12:00,20,Active,123
2931,In Person,LC4,MW,15:00,22,Active,123
2932,In Person,LC4,MW,12:00,24,Active,123
1999,In Person,BH320,W,14:00,11,Active,124
2005,In Person,BH262,MWF,13:00,40,Active,124
2006,In Person,BH207,M,14:00,20,Active,124
2007,In Person,BH207,T,14:00,20,Active,124
2759,In Person,SH6G,TH,8:00,17,Active,125
2795,In Person,SH6G,MW,15:00,9,Active,125
2814,In Person,SH6G,MW,15:00,6,Active,125
3337,In Person,SH6G,MW,12:00,11,Active,125
3338,In Person,SH6G,MW,12:00,3,Active,125
3339,In Person,SH6G,MW,12:00,5,Active,125
1173,In Person,DF211,TH,9:30,31,Active,126
1178,In Person,DF201,TH,15:00,30,Active,126
2957,In Person,DF201,MW,15:00,30,Active,126
1055,In Person,DF214,MWF,9:00,31,Active,127
1056,In Person,DF214,MWF,10:00,32,Active,127
1060,In Person,DF201,TH,8:00,31,Active,127
1062,In Person,DF214,MWF,12:00,30,Active,127
1735,In Person,LY108,T,15:00,15,Active,128
1736,In Person,LY108,H,15:00,15,Active,128
3330,In Person,LY109,TH,12:00,25,Active,128
3331,In Person,LY109,TH,9:30,6,Active,128
3577,In Person,LY109,TH,9:30,3,Active,128
1167,In Person,DF215,TH,13:30,34,Active,129
1183,In Person,DF100,M,18:00,33,Active,129
2954,In Person,DF100,TH,12:00,40,Active,129
1424,In Person,BK205,TH,12:00,23,Active,130
1426,In Person,BK205,TH,14:00,19,Active,130
1435,In Person,BK125,MW,12:00,19,Active,130
3446,In Person,BK235,MW,10:00,23,Active,130
1438,In Person,BK103,TH,12:00,19,Active,131
3448,In Person,BK103,TH,9:00,23,Active,131
2405,Blnd30-79,BK215,T,17:30,10,Active,132
2405,Blnd30-79,BK215,T,17:30,10,Active,132
2405,Blnd30-79,BK215,T,17:30,10,Active,132
2405,Blnd30-79,BK215,T,17:30,10,Active,132
2405,Blnd30-79,BK215,T,17:30,10,Active,132
1605,In Person,LY204,TH,13:30,24,Active,133
3010,In Person,LY228,MW,15:00,30,Active,133
2445,Blnd30-79,KY106,MWF,12:00,28,Active,134
2446,Blnd30-79,KY106,MWF,13:00,28,Active,134
2456,Blnd30-79,KY109,MWF,10:00,6,Active,134
2447,Blnd30-79,KY109,MWF,13:00,30,Active,135
2450,Blnd30-79,KY109,MWF,11:00,30,Active,135
2467,Blnd30-79,KY109,MWF,8:00,30,Active,135
2468,Blnd30-79,KY109,MWF,12:00,30,Active,135
2286,In Person,OM25,W,7:00,7,Active,136
2302,In Person,BH260,TH,9:30,6,Active,136
2303,In Person,OM25,TH,15:00,4,Active,136
2310,In Person,OM23,TH,12:00,21,Active,136
1873,In Person,SA1G,F,16:00,5,Active,137
1898,In Person,SA114,MWF,12:00,13,Active,138
1899,In Person,SA114,TH,13:30,8,Active,138
1907,In Person,SA114,MW,13:00,12,Active,138
1870,In Person,SA14G,TH,16:30,12,Active,139
1147,Blnd30-79,LC238,MWF,10:00,35,Active,140
1153,Blnd30-79,LC238,MWF,11:00,35,Active,140
1160,In Person,DF114,TH,13:30,35,Active,140
1985,In Person,GR302,T,12:00,12,Active,141
1986,In Person,GR302,H,12:00,12,Active,141
3118,In Person,BH107,MW,13:00,33,Active,141
3238,In Person,BH107,MW,13:00,6,Active,141
1118,In Person,BK243,MWF,13:00,30,Active,142
1121,In Person,BK243,MWF,12:00,23,Active,142
1126,In Person,BK243,MWF,11:00,26,Active,142
1129,In Person,DF117,T,18:00,12,Active,142
1300,In Person,OM136,W,15:00,13,Active,143
1320,In Person,OM123,MWF,11:00,35,Active,143
1189,In Person,SH213,MW,12:00,12,Active,144
1200,In Person,SH213,MWF,8:00,21,Active,144
1209,In Person,SH213,MW,12:00,5,Active,144
1223,In Person,SH213,MWF,8:00,22,Active,144
1680,In Person,LY114,MWF,14:00,15,Active,145
3152,In Person,LY120,MWF,13:00,18,Active,145
1780,In Person,LY203,MWHF,14:00,6,Active,146
1784,In Person,LY203,MWHF,10:00,4,Active,146
3327,In Person,LY203,TH,12:00,11,Active,146
2696,Blnd30-79,SH120,H,9:30,54,Active,147
2692,In Person,SH123,TH,13:30,10,Active,147
2697,In Person,SH123,TH,12:00,9,Active,147
3324,In Person,SH123,W,15:00,29,Active,147
1082,In Person,DF26,MWF,11:00,22,Active,148
1139,In Person,DF117,MW,16:30,24,Active,148
1151,In Person,DF117,MW,15:00,26,Active,148
2967,In Person,DF26,MWF,12:00,23,Active,148
1872,In Person,OM269,TH,,12,Active,149
1901,In Person,OM269,TH,8:30,8,Active,149
1971,In Person,OM31,MW,10:00,4,Active,149
3026,In Person,OM140,MWF,11:00,2,Active,150
3027,In Person,OM140,MWF,13:00,9,Active,150
3028,In Person,OM138,MWF,14:00,17,Active,150
3429,In Person,OM138,MWF,14:00,2,Active,150
3434,In Person,OM21,MWF,12:00,24,Active,150
2363,In Person,OM299,MWF,9:00,30,Active,151
2364,In Person,OM22A,MWF,10:00,30,Active,151
1823,In Person,OM281,MWF,11:00,10,Active,152
1824,In Person,OM132,MWF,12:00,4,Active,152
1804,Blnd30-79,LY106,MWF,14:00,6,Active,153
1744,In Person,LY202,MWF,12:00,13,Active,153
1760,In Person,LY203,MWF,9:00,16,Active,153
1786,In Person,LY218,MWHF,8:00,8,Active,153
2194,In Person,AF102,MW,16:30,36,Active,154
2195,In Person,OM22B,MW,15:00,3,Active,154
2205,In Person,OM281,H,17:00,19,Active,154
2079,In Person,BH261,MWF,13:00,60,Active,155
2080,In Person,BH411,T,8:00,15,Active,155
2087,In Person,BH411,H,14:00,15,Active,155
2098,In Person,GR301,WF,14:00,7,Active,155
3024,In Person,BH262,MWF,9:00,15,Active,155
2370,In Person,BH107,TH,9:30,15,Active,156
2371,In Person,BH105,TH,12:00,14,Active,156
2383,In Person,GC1,MWF,12:00,21,Active,156
2950,In Person,GC1,MWF,10:00,7,Active,156
1905,In Person,SA114,M,14:00,6,Active,157
1753,In Person,AF103,MWF,13:00,35,Active,158
1764,In Person,LY214,MTWF,12:00,13,Active,158
1765,In Person,LY225,MTWF,10:00,15,Active,158
1791,In Person,AF203,MWF,9:00,23,Active,158
2118,Blnd30-79,OM141,T,18:00,2,Active,159
1193,In Person,SH105,MW,12:00,20,Active,160
3173,In Person,SH105,TH,8:00,18,Active,160
3004,In Person,LY136,MWF,14:00,22,Active,161
3147,In Person,LY120,MWF,10:00,24,Active,161
2010,In Person,AF200,MWF,11:00,85,Active,162
2012,In Person,BH310,T,14:00,14,Active,162
2015,In Person,BH310,T,18:00,14,Active,162
1110,In Person,DF114,MWF,13:00,35,Active,163
1186,In Person,DF115,MWF,10:00,22,Active,163
3199,In Person,DF115,MWF,9:00,19,Active,163
2565,In Person,OM283,TH,12:00,16,Active,164
2572,In Person,OM283,TH,13:30,35,Active,164
1869,In Person,OM31,T,19:00,7,Active,165
1342,In Person,OM132,T,15:00,13,Active,166
3273,In Person,OM141,W,15:00,28,Active,166
3422,In Person,OM141,W,15:00,2,Active,166
1185,In Person,KY107,W,15:00,30,Active,167
2459,In Person,KY107,TH,8:00,26,Active,167
2464,In Person,KY107,TH,9:30,30,Active,167
2993,In Person,KY107,TH,12:00,30,Active,167
1778,In Person,LY218,MTWF,12:00,11,Active,168
1476,In Person,BK127,TH,9:00,9,Active,169
3329,In Person,BK101,TH,12:00,22,Active,169
3450,In Person,BK105,TH,13:30,23,Active,169
2222,In Person,BK115,TH,13:30,19,Active,170
2237,In Person,BK121A,T,16:00,5,Active,170
2238,In Person,BK121A,T,16:00,7,Active,170
1573,In Person,LY136,TH,9:30,7,Active,171
1587,In Person,LY136,MW,15:00,8,Active,171
3005,In Person,LY136,TH,13:30,14,Active,171
2291,In Person,OM25,F,7:00,8,Active,172
2293,In Person,OM25,A,8:00,3,Active,172
2316,In Person,OM25,W,15:00,10,Active,172
2168,In Person,OM23,MWF,13:00,32,Active,173
2176,In Person,OM294,MW,11:00,15,Active,173
2190,In Person,OM23,MW,14:00,20,Active,173
2191,In Person,OM22A,TH,9:30,23,Active,173
1203,In Person,SH209,TH,8:00,20,Active,174
1204,In Person,SH209,TH,8:00,21,Active,174
1227,In Person,SH209,TH,15:00,19,Active,174
1585,In Person,LY206,TH,13:30,24,Active,175
1586,In Person,LY204,TH,12:00,24,Active,175
3015,In Person,RL17,TH,9:30,11,Active,175
3144,In Person,OM130,T,17:30,5,Active,175
3402,In Person,RL17,TH,9:30,14,Active,175
2763,In Person,SH126,MW,15:00,15,Active,176
2764,In Person,SH126,MW,18:30,14,Active,176
2798,In Person,SH126,T,15:00,7,Active,176
2809,In Person,SH126,T,15:00,4,Active,176
2810,In Person,SH126,T,15:00,2,Active,176
2811,In Person,SH126,T,15:00,5,Active,176
2812,In Person,SH126,T,15:00,2,Active,176
1068,Blnd30-79,DF201,T,18:00,13,Active,177
1058,In Person,DF110,TH,12:00,31,Active,177
1059,In Person,DF200,MW,15:00,17,Active,177
1070,In Person,DF200,TH,13:30,9,Active,177
2596,In Person,AF200,TH,9:30,97,Active,178
2600,In Person,BH237,W,14:00,20,Active,178
2654,In Person,BH145,MW,13:00,17,Active,178
2655,In Person,BH237,M,14:00,17,Active,178
2598,In Person,BH237,H,14:00,17,Active,179
2648,In Person,BH202,M,18:00,3,Active,179
2658,In Person,BH262,TH,9:30,50,Active,179
1165,In Person,DF212,TH,13:30,33,Active,180
1172,In Person,DF202,TH,9:30,10,Active,180
1174,In Person,DF202,TH,12:00,24,Active,180
1184,In Person,DF100,MW,15:00,35,Active,180
1168,In Person,LC232,MWF,9:00,15,Active,181
1169,In Person,LC232,MWF,10:00,29,Active,181
1181,In Person,DF27,MWF,11:00,25,Active,181
2956,In Person,DF27,MW,15:00,19,Active,181
3071,In Person,LC106,TH,15:00,25,Active,182
1996,In Person,BH320,T,8:00,7,Active,183
2009,In Person,BH107,MWF,9:00,28,Active,183
2021,In Person,BH305,W,14:00,14,Active,183
2033,In Person,BH305,W,18:00,14,Active,183
1672,In Person,OM130,MW,15:00,24,Active,184
1673,In Person,OM130,TH,15:00,9,Active,184
1684,In Person,OM130,TH,13:30,24,Active,184
1703,In Person,LY228,TH,9:30,25,Active,184
1191,In Person,SH213,MW,15:00,17,Active,185
1226,In Person,SH213,TH,15:00,17,Active,185
1569,In Person,LY228,TH,15:00,24,Active,186
3126,In Person,LY228,H,17:30,7,Active,186
3154,In Person,LY228,TH,12:00,19,Active,186
3404,In Person,LY228,TH,12:00,6,Active,186
1195,In Person,SH209,MW,15:00,19,Active,187
1210,In Person,SH209,MW,12:00,25,Active,187
1228,In Person,SH211,MWF,10:00,18,Active,187
1229,In Person,SH211,MWF,11:00,19,Active,187
1233,In Person,SH209,MW,12:00,17,Active,187
1486,Blnd30-79,BK127,W,17:00,8,Active,188
1425,In Person,BK209,MW,11:00,22,Active,188
2915,Blnd30-79,LC135,MW,10:00,40,Active,189
2921,Blnd30-79,LC30,T,9:30,15,Active,189
1774,In Person,LY214,MWF,10:00,25,Active,190
1794,In Person,LY214,MWF,13:00,19,Active,190
1799,In Person,LY214,MWF,9:00,12,Active,190
1803,In Person,LY214,MWF,14:00,17,Active,190
1783,In Person,LY108,MWF,13:00,14,Active,191
3325,In Person,LY108,MWF,12:00,23,Active,191
3409,In Person,LY108,MWF,12:00,2,Active,191
1196,In Person,SH212,MW,15:00,22,Active,192
1198,In Person,SH212,MW,15:00,22,Active,192
3174,In Person,SH212,MWF,10:00,15,Active,192
3220,In Person,SH212,MWF,10:00,5,Active,192
3462,In Person,SH212,MWF,10:00,18,Active,192
3463,In Person,SH212,MWF,10:00,2,Active,192
1955,In Person,OM31,TH,12:00,26,Active,193
1969,In Person,OM31,MW,9:00,20,Active,193
3189,In Person,SA5G,TH,9:30,17,Active,193
2412,In Person,BK227-BOTH,T,8:00,19,Active,194
2414,In Person,BK227-BOTH,H,8:00,19,Active,194
2416,In Person,BK245,T,15:00,3,Active,194
2417,In Person,BK245,T,15:00,3,Active,194
2419,In Person,BK235,T,17:00,25,Active,194
1746,In Person,LY120,MWF,9:00,2,Active,195
1789,In Person,LY109,MWF,12:00,10,Active,195
3158,In Person,OM136,MWF,14:00,19,Active,196
3159,In Person,OM287,MWF,12:00,25,Active,196
1992,In Person,BH261,MWF,10:00,35,Active,197
2026,In Person,BH415,H,8:00,9,Active,197
2028,In Person,BH415,W,14:00,11,Active,197
3137,In Person,LY218,MW,15:00,4,Active,198
3573,In Person,LY120,MW,16:30,24,Active,198
1260,In Person,OM125,M,17:00,10,Active,199
1264,In Person,OM287,W,17:00,20,Active,199
2981,In Person,OM287,T,17:00,20,Active,199
1170,In Person,LC236,MWF,13:00,11,Active,200
1175,In Person,DF100,MWF,10:00,36,Active,200
1994,In Person,BH415,T,14:00,13,Active,201
1995,In Person,BH415,W,18:00,2,Active,201
2004,In Person,BH415,M,18:00,16,Active,201
3386,In Person,BK240,TH,9:30,35,Active,202
3387,In Person,BK235,TH,15:00,35,Active,202
3388,In Person,BK218,TH,12:00,4,Active,202
1895,In Person,SA114,TH,15:00,40,Active,203
1900,In Person,SA114,H,19:45,6,Active,203
1902,In Person,FF5.4,MWF,15:30,48,Active,203
1981,In Person,SA114,MW,10:00,22,Active,203
3184,In Person,SA114,MWF,11:00,22,Active,203
1003,In Person,AF103,MW,15:00,10,Active,204
3092,In Person,OM123,MWF,13:00,16,Active,204
3414,In Person,OM28,MWF,10:00,8,Active,204
2762,In Person,SH124,MW,12:00,20,Active,205
2773,In Person,SH124,MW,15:00,20,Active,205
2825,In Person,SH124,TH,12:00,12,Active,205
2826,In Person,SH124,TH,12:00,8,Active,205
2885,In Person,SH113,T,8:00,4,Active,206
2887,In Person,SH113,T,8:00,7,Active,206
2888,In Person,SH113,T,8:00,10,Active,206
3241,In Person,SH113,TH,12:00,9,Active,206
3253,In Person,SH113,TH,9:30,4,Active,206
3348,In Person,SH113,TH,12:00,14,Active,206
3349,In Person,SH113,TH,9:30,19,Active,206
3350,In Person,SH113,TH,12:00,2,Active,206
3351,In Person,SH113,TH,9:30,2,Active,206
3459,In Person,SH113,TH,13:30,16,Active,206
3460,In Person,SH113,TH,13:30,4,Active,206
3461,In Person,SH113,TH,13:30,5,Active,206
1844,Blnd30-79,OM132,MW,14:00,12,Active,207
3160,Blnd30-79,OM138,MW,13:00,25,Active,207
1590,In Person,LY204,MWF,14:00,22,Active,208
1668,In Person,DF211,MWF,11:00,25,Active,208
3018,In Person,DF212,MWF,10:00,14,Active,208
2771,Blnd30-79,SH211,W,12:00,10,Active,209
2856,Blnd30-79,SH211,W,12:00,9,Active,209
2859,Blnd30-79,SH11G,W,9:00,11,Active,209
2785,In Person,SH11G,W,9:00,11,Active,209
3534,In Person,SH126,H,15:00,3,Active,209
3535,In Person,SH126,H,15:00,2,Active,209
3536,In Person,SH126,H,15:00,2,Active,209
3538,In Person,SH126,H,15:00,2,Active,209
1029,In Person,AF101,TH,9:30,31,Active,210
1030,In Person,AF101,TH,12:00,20,Active,210
1687,In Person,OM130,MWF,11:00,9,Active,211
3155,In Person,OM130,MWF,10:00,17,Active,211
3065,In Person,LC236,TH,9:30,25,Active,212
3070,In Person,LC236,TH,13:30,25,Active,212
3604,In Person,LC236,TH,12:00,25,Active,212
2046,In Person,BH132,M,14:00,14,Active,213
2048,In Person,BH260,MW,13:00,10,Active,213
2049,In Person,BH256,T,14:00,4,Active,213
2058,In Person,BH256,W,14:00,6,Active,213
2067,In Person,BH260,MW,13:00,17,Active,213
2068,In Person,BH256,T,14:00,4,Active,213
2069,In Person,BH256,T,12:00,11,Active,213
2072,In Person,BH256,W,14:00,13,Active,213
2169,In Person,OM281,TH,9:30,21,Active,214
2170,In Person,OM123,TH,12:00,21,Active,214
2189,In Person,OM138,MWF,12:00,24,Active,214
1496,In Person,BK227-BOTH,TH,13:30,25,Active,215
2766,In Person,SH201,MW,9:00,6,Active,216
2784,In Person,SH201,MW,12:00,11,Active,216
1993,In Person,BH261,MWF,11:00,31,Active,217
2018,In Person,BH305,TH,14:00,14,Active,217
2027,In Person,BH320,F,14:00,6,Active,217
2668,In Person,BH107,TH,12:00,7,Active,217
2669,In Person,BH109,W,14:00,7,Active,217
2684,In Person,SH200,TH,8:00,3,Active,218
2717,In Person,SH107,MW,12:00,4,Active,218
2719,In Person,SH107,MW,12:00,2,Active,218
2724,In Person,SH107,MW,12:00,8,Active,218
2740,In Person,SH200,TH,8:00,3,Active,218
1354,In Person,OM158,MW,15:00,23,Active,219
1376,In Person,OM158,TH,12:00,25,Active,219
1377,In Person,OM158,TH,13:30,26,Active,219
3043,InterTV,OM158,M,18:00,15,Active,219
1524,In Person,RL6,TH,13:30,9,Active,220
1526,In Person,RL6,TH,9:30,7,Active,220
2896,In Person,SH111,TH,9:30,24,Active,221
1394,In Person,OM159,TH,15:00,25,Active,222
3033,In Person,OM299,MWF,10:00,11,Active,222
3034,In Person,OM299,MWF,11:00,11,Active,222
1380,InterTV,OM158,TH,16:30,10,Active,222
2106,In Person,GC2,MWF,9:00,10,Active,223
2107,In Person,GC2,MWF,10:00,23,Active,223
2119,In Person,GC2,MWF,11:00,25,Active,223
2975,In Person,GC2,TH,8:00,17,Active,223
3076,In Person,LC106,W,15:00,16,Active,224
2418,In Person,BK243,T,17:00,9,Active,225
2710,In Person,SH121,MW,9:00,3,Active,226
2715,In Person,SH121,TH,18:00,4,Active,226
2723,In Person,SH121,MW,9:00,2,Active,226
2729,In Person,SH121,TH,15:00,15,Active,226
2734,In Person,SH121,MW,9:00,14,Active,226
2738,In Person,SH121,TH,18:00,4,Active,226
2741,In Person,SH121,TH,18:00,7,Active,226
2741,In Person,SH121,TH,18:00,7,Active,226
2094,In Person,AF102,MW,10:00,30,Active,227
2095,In Person,BH411,F,10:00,18,Active,227
2096,In Person,BH411,F,13:00,12,Active,227
3020,In Person,GR301,TH,9:30,2,Active,227
3480,In Person,GR301,WF,8:00,13,Active,227
2172,In Person,OM22A,MWF,13:00,19,Active,228
2192,In Person,GC200,MWF,9:00,11,Active,228
2193,In Person,GC200,MWF,10:00,17,Active,228
3298,In Person,OM283,MWF,12:00,40,Active,228
2761,In Person,SH101,MW,12:00,14,Active,229
2787,In Person,SH101,MW,18:00,8,Active,229
2797,In Person,SH101,TH,12:00,4,Active,229
2804,In Person,SH101,TH,12:00,3,Active,229
2806,In Person,SH101,TH,12:00,2,Active,229
2807,In Person,SH101,TH,12:00,2,Active,229
2166,In Person,OM276,TH,9:30,35,Active,230
2167,In Person,OM276,TH,12:00,34,Active,230
2174,In Person,OM278,T,17:00,24,Active,230
1871,In Person,SA13G,H,18:00,7,Active,231
1942,In Person,SA13G,MWF,11:00,36,Active,231
3456,In Person,SA13G,H,19:00,12,Active,231
1258,In Person,OM278,M,17:00,20,Active,232
1263,In Person,OM138,T,17:00,7,Active,232
1269,In Person,OM288,W,17:00,18,Active,232
1988,In Person,GR301,MW,12:00,8,Active,233
1989,In Person,GR301,T,14:00,8,Active,233
2977,In Person,GR301,MWF,10:00,8,Active,233
3413,In Person,GR301,MWF,10:00,2,Active,233
1599,In Person,LY108,TH,8:00,24,Active,234
1600,In Person,LY108,TH,9:30,24,Active,234
1718,In Person,LY109,TH,13:30,10,Active,234
1719,In Person,LY109,TH,15:00,10,Active,234
1077,Blnd30-79,DF26,W,18:00,10,Active,235
1084,In Person,DF26,TH,9:30,17,Active,235
1085,In Person,DF26,TH,12:00,17,Active,235
2972,In Person,DF26,TH,13:30,17,Active,235
2108,In Person,AF101,MWF,9:00,25,Active,236
2111,In Person,AF101,MWF,10:00,41,Active,236
2976,In Person,OM136,TH,9:30,20,Active,236
3374,In Person,OM283,MW,15:00,8,Active,236
1145,Blnd30-79,DF215,M,18:00,6,Active,237
1154,In Person,DF215,TH,9:30,22,Active,237
1155,In Person,DF212,TH,12:00,28,Active,237
2969,In Person,DF117,TH,13:30,12,Active,237
1946,In Person,SA5G,MWF,9:00,22,Active,238
1947,In Person,AF203,MWF,11:00,81,Active,238
1951,In Person,AF203,MWF,10:00,81,Active,238
3187,In Person,OM123,TH,9:30,15,Active,238
3188,In Person,OM123,TH,9:30,3,Active,238
2536,In Person,LC106,TH,12:00,15,Active,239
2199,In Person,AF202,TH,9:30,35,Active,240
3300,In Person,DF102,TH,12:00,21,Active,240
3301,In Person,OM288,MW,15:00,4,Active,240
1841,Blnd30-79,OM25,MW,13:00,8,Active,241
1846,Blnd30-79,OM281,MW,14:00,9,Active,241
1848,In Person,OM281,MW,15:00,10,Active,241
3433,In Person,BK217,T,17:00,3,Active,241
3202,In Person,SH11G,F,9:00,13,Active,242
3203,In Person,SH11G,F,9:00,12,Active,242
2248,In Person,BK121A,MW,9:00,17,Active,243
3317,In Person,BK209,TH,13:30,10,Active,243
3318,In Person,BK121A,TH,12:00,27,Active,243
2436,In Person,KY109,TH,9:30,30,Active,244
2457,In Person,KY108,TH,13:30,31,Active,244
3435,In Person,DF207,T,18:00,10,Active,245
2863,In Person,SH114,TH,8:00,18,Active,246
2864,In Person,SH114,TH,9:30,20,Active,246
2871,In Person,SH114,TH,12:00,19,Active,246
1581,In Person,LY214,MW,15:00,24,Active,247
1582,In Person,LY204,TH,15:00,24,Active,247
1631,In Person,BK241,TH,12:00,27,Active,247
1649,In Person,DF101,TH,9:30,24,Active,247
2599,In Person,BH237,T,18:00,20,Active,248
2622,In Person,BH234,M,14:00,15,Active,248
2630,In Person,BH261,TH,14:00,37,Active,248
2631,In Person,BH230,W,11:00,12,Active,248
2633,In Person,BH230,W,13:00,16,Active,248
2765,In Person,SH203,MW,12:00,6,Active,249
2819,In Person,SH124,T,15:00,14,Active,249
1299,In Person,OM276,TH,13:30,3,Active,250
1315,In Person,OM287,TH,9:30,8,Active,250
1318,In Person,OM278,TH,8:00,32,Active,250
3268,In Person,OM141,TH,12:00,34,Active,250
2180,In Person,OM297,WF,14:00,15,Active,251
2209,In Person,OM138,TH,15:00,14,Active,251
3293,In Person,OM123,TH,13:30,20,Active,251
1959,In Person,OM125,TH,12:00,6,Active,252
3501,In Person,OM125,TH,15:00,5,Active,252
2597,In Person,BH237,T,14:00,20,Active,253
2608,In Person,BH260,MWF,12:00,23,Active,253
2609,In Person,BH109,H,14:00,23,Active,253
3340,In Person,LY204,MWF,9:00,6,Active,254
3341,In Person,LY204,MWF,10:00,4,Active,254
3342,In Person,LY106,MWF,12:00,24,Active,254
1411,In Person,BK209,TH,9:00,17,Active,255
2852,In Person,SH205,TH,8:00,7,Active,256
2853,In Person,SH205,MW,8:00,5,Active,256
2854,In Person,SH205,TH,12:00,9,Active,256
1997,In Person,BH320,T,14:00,7,Active,257
2023,In Person,BH260,MWF,11:00,26,Active,257
2024,In Person,BH307,F,14:00,13,Active,257
2025,In Person,BH307,W,14:00,13,Active,257
1770,In Person,BK241,MWF,13:00,20,Active,258
1782,In Person,BK241,MWF,9:00,17,Active,258
1795,In Person,BK243,MWHF,10:00,15,Active,258
3328,In Person,LY226,TH,13:30,20,Active,258
1482,In Person,BK209,H,17:00,17,Active,259
1014,In Person,OM281,TH,12:00,31,Active,260
3138,In Person,SH200,MW,9:00,20,Active,261
3139,In Person,SH11G,TH,8:00,21,Active,261
3491,In Person,SH11G,TH,12:00,21,Active,261
2367,In Person,OM299,MWF,14:00,4,Active,262
2385,In Person,BH105,MWF,12:00,18,Active,262
2953,In Person,BH105,TH,15:00,7,Active,262
3366,In Person,OM299,MWF,15:00,3,Active,262
1427,In Person,BK203,TH,9:00,23,Active,263
1479,In Person,BK205,MW,10:00,9,Active,263
3424,In Person,BK101,T,17:00,2,Active,263
1349,In Person,OM159,TH,8:00,18,Active,264
1370,In Person,OM158,MWF,8:00,15,Active,264
1384,In Person,OM159,TH,9:30,19,Active,264
1393,In Person,OM158,MWF,9:00,18,Active,264
2601,In Person,BH260,TH,13:30,50,Active,265
2620,In Person,BH240,W,18:00,12,Active,265
2637,In Person,AF101,TH,8:00,37,Active,265
2644,In Person,BH240,M,14:00,16,Active,265
2050,In Person,BH126,MW,9:00,8,Active,266
2051,In Person,BH126,H,14:00,8,Active,266
2063,In Person,BH130,T,9:00,11,Active,266
2670,In Person,BH126,MW,9:00,10,Active,266
2671,In Person,BH126,H,14:00,10,Active,266
2287,In Person,OM22B,A,8:00,11,Active,267
2297,In Person,OM22B,A,12:00,6,Active,267
3080,In Person,LC126,MWF,9:00,25,Active,268
3082,In Person,LC126,MWF,10:00,25,Active,268
3086,In Person,LC126,MWF,12:00,25,Active,268
3088,In Person,LC126,MWF,13:00,25,Active,268
3135,In Person,OM280,TH,12:00,6,Active,269
3136,In Person,OM280,TH,15:00,30,Active,269
3153,In Person,LY225,W,15:30,25,Active,269
2161,In Person,AF102,TH,12:00,125,Active,270
2203,In Person,GC200,TH,13:30,14,Active,270
2045,In Person,BH260,MWF,9:00,24,Active,271
2047,In Person,BH132,W,14:00,10,Active,271
2056,In Person,BH126,WF,12:00,9,Active,271
2057,In Person,BH126,F,14:00,9,Active,271
1357,In Person,OM159,MWF,10:00,13,Active,272
1358,In Person,OM299,TH,8:00,10,Active,272
1381,In Person,OM159,MWF,9:00,4,Active,272
3032,In Person,OM299,MWF,12:00,12,Active,272
1002,In Person,AF203,TH,15:00,10,Active,273
1008,In Person,OM21,TH,13:30,18,Active,273
2455,In Person,KY106,TH,9:30,30,Active,274
2474,In Person,OM140,MWF,10:00,29,Active,274
2476,In Person,OM283,MWF,11:00,30,Active,274
3570,In Person,OM299,MWF,13:00,4,Active,274
2043,In Person,BH145,MWF,9:00,175,Active,275
1516,In Person,RL6,T,15:00,4,Active,276
1522,In Person,RL16,TH,12:00,24,Active,276
2420,In Person,BK245,T,8:00,14,Active,277
2421,In Person,BK245,H,8:00,14,Active,277
2426,In Person,BK227-BOTH,T,17:00,8,Active,277
1839,Blnd30-79,OM278,MW,13:00,7,Active,278
1853,Blnd30-79,OM288,MW,12:00,8,Active,278
3177,Blnd30-79,OM132,MW,10:00,13,Active,278
3161,In Person,OM132,MWF,9:00,8,Active,278
2478,In Person,LC135,MWF,11:00,58,Active,279
2479,In Person,LC126,MW,15:00,18,Active,279
3063,In Person,LC113B,TH,9:30,25,Active,279
3064,In Person,LC113B,TH,13:30,25,Active,279
2083,In Person,BH411,M,14:00,17,Active,280
2089,In Person,BH262,TH,12:00,12,Active,280
2090,In Person,BH403,H,14:00,12,Active,280
3023,In Person,BH104,WF,14:00,11,Active,280
1771,In Person,LY202,TH,15:00,25,Active,281
1772,In Person,LY226,TH,12:00,25,Active,281
1779,In Person,LY228,MWF,12:00,11,Active,281
3326,In Person,LY226,MWF,10:00,3,Active,281
2872,In Person,SH111,W,18:00,5,Active,282
2873,In Person,SH113,M,18:00,11,Active,282
2874,In Person,SH113,M,18:00,3,Active,282
2877,In Person,SH111,W,18:00,18,Active,282
3256,In Person,SH113,TH,15:00,26,Active,282
3257,In Person,SH113,TH,18:00,3,Active,282
1350,In Person,OM299,TH,13:30,17,Active,283
1367,In Person,OM159,MW,15:00,17,Active,283
1375,In Person,OM299,TH,15:00,14,Active,283
3038,InterTV,OM158,W,18:00,5,Active,283
3040,InterTV,OM158,W,18:00,6,Active,283
1099,In Person,DF215,MWF,10:00,13,Active,284
1100,In Person,DF116,TH,12:00,8,Active,284
1111,In Person,DF116,TH,13:30,4,Active,284
2227,In Person,BK109,MWF,12:00,25,Active,285
2228,In Person,BK101,MWF,11:00,24,Active,285
2232,In Person,BK121A,MW,14:00,17,Active,285
2244,In Person,BK109,MWF,9:00,25,Active,285
3305,In Person,BK235,TH,9:30,20,Active,286
3306,In Person,BK235,TH,12:00,6,Active,286
3307,In Person,BK209,MW,15:00,4,Active,286
1713,In Person,LY106,MWF,11:00,37,Active,287
3353,In Person,LY106,MWF,10:00,27,Active,287
2283,In Person,OM25,A,12:00,6,Active,288
1076,Blnd30-79,DF211,MWF,13:00,26,Active,289
1073,In Person,AF203,MW,15:00,20,Active,289
1074,In Person,AF203,TH,12:00,38,Active,289
1075,In Person,DF100,TH,9:30,40,Active,289
2294,In Person,OM23,T,7:00,6,Active,290
2306,In Person,OM25,MWF,12:00,34,Active,290
2307,In Person,OM25,MWF,14:00,14,Active,290
2365,In Person,DF115,MWF,11:00,10,Active,290
2165,In Person,OM25,TH,9:30,32,Active,291
2181,In Person,OM297,MTH,13:30,13,Active,291
2183,In Person,OM297,MTH,12:00,15,Active,291
2185,In Person,AF200,TH,15:00,51,Active,291
2614,In Person,BH260,TH,8:30,35,Active,292
2615,In Person,BH234,H,14:00,17,Active,292
2616,In Person,BH234,W,14:00,18,Active,292
2640,In Person,BH260,TH,12:00,23,Active,292
2641,In Person,BH234,T,13:30,23,Active,292
2775,In Person,SH203,TH,8:00,3,Active,293
2779,In Person,SH203,TH,12:00,5,Active,293
3248,In Person,SH124,MW,18:00,20,Active,293
2218,In Person,BK115,TH,12:00,27,Active,294
2243,In Person,BK105,MWF,10:00,32,Active,294
2251,In Person,BK240,MWF,12:00,17,Active,294
1117,In Person,DF212,MWF,12:00,29,Active,295
1119,In Person,DF212,MWF,11:00,30,Active,295
1130,In Person,DF213,MW,15:00,29,Active,295
1131,In Person,DF212,MWF,13:00,16,Active,295
2178,In Person,OM294,TH,12:00,18,Active,296
2182,In Person,OM297,THF,9:30,13,Active,296
2210,In Person,OM278,MWF,12:00,16,Active,296
3292,In Person,OM294,TH,14:00,9,Active,296
2910,Blnd30-79,LC135,T,12:00,25,Active,297
2911,Blnd30-79,LC135,W,18:00,18,Active,297
2929,In Person,LC29,TH,15:00,24,Active,297
2276,In Person,OM23,MWF,10:00,20,Active,298
2313,In Person,OM22A,MWF,11:00,15,Active,298
2321,In Person,OM123,MWF,9:00,9,Active,298
2366,In Person,OM141,MWF,12:00,24,Active,298
1102,In Person,DF210,MWF,11:00,35,Active,299
1104,In Person,DF210,MWF,10:00,24,Active,299
1114,In Person,DF23,TH,9:30,22,Active,299
1115,In Person,DF210,MWF,13:00,18,Active,299
2693,In Person,SH120,MWF,10:00,35,Active,300
2694,In Person,SH120,MWF,11:00,14,Active,300
1953,In Person,OM31,M,18:00,24,Active,301
2912,In Person,LC29,MW,9:00,14,Active,301
2913,In Person,LC29,MW,15:00,24,Active,301
1235,Blnd30-79,SH120,F,12:00,41,Active,302
1197,In Person,SH213,MWF,10:00,22,Active,302
1199,In Person,SH213,MWF,10:00,20,Active,302
3510,In Person,SH211,MWF,8:00,17,Active,302
3511,In Person,SH211,MWF,8:00,18,Active,302
2052,In Person,BH126,TH,9:30,10,Active,303
2053,In Person,BH126,A,8:00,10,Active,303
2105,In Person,DF101,TH,12:00,30,Active,303
3236,In Person,DF101,TH,13:30,30,Active,303
1303,In Person,OM276,MWF,10:00,32,Active,304
1313,In Person,OM136,MWF,11:00,25,Active,304
3266,In Person,OM276,MWF,13:00,17,Active,304
3399,In Person,OM276,MWF,13:00,18,Active,304
1278,In Person,OM138,M,17:00,9,Active,305
2988,In Person,OM125,W,17:00,20,Active,305
1344,In Person,OM159,MWF,8:00,25,Active,306
1353,In Person,GR307,MWF,11:00,25,Active,306
1365,In Person,GR307,MWF,12:00,26,Active,306
3407,In Person,GR307,TH,8:00,5,Active,306
3321,In Person,SA5G,TH,13:30,22,Active,307
3011,In Person,LY109,MWF,13:00,22,Active,308
3149,In Person,LY120,MWF,14:00,30,Active,308
2624,In Person,BH262,MWF,12:00,28,Active,309
2625,In Person,BH240,H,14:00,14,Active,309
2626,In Person,BH240,F,14:00,14,Active,309
2646,In Person,BH240,T,14:00,16,Active,309
1428,In Person,BK213,MW,14:00,22,Active,310
1434,In Person,BK215,TH,9:00,22,Active,310
1462,In Person,BK217,TH,12:00,22,Active,310
1754,In Person,AF203,MWF,12:00,40,Active,311
1802,In Person,LY218,MWF,13:00,25,Active,311
1811,In Person,LY228,MWF,11:00,25,Active,311
2451,Blnd30-79,KY108,MWF,12:00,30,Active,312
2462,Blnd30-79,KY108,MWF,13:00,29,Active,312
2437,In Person,KY129,TH,8:00,21,Active,312
2458,In Person,KY129,TH,9:30,28,Active,312
1664,In Person,LY204,MW,15:00,22,Active,313
1682,In Person,LY120,T,17:30,25,Active,313
3006,In Person,LY214,M,17:30,5,Active,314
3110,In Person,LY204,TH,9:30,24,Active,314
3111,In Person,LY218,TH,13:30,24,Active,314
3121,In Person,LY206,MW,15:00,12,Active,314
1122,Blnd30-79,DF213,MWF,9:00,39,Active,315
1124,Blnd30-79,DF201,MWF,11:00,30,Active,315
1132,In Person,DF202,TH,13:30,26,Active,315
2964,In Person,RL17,TH,18:00,5,Active,316
2406,Blnd30-79,BK215,T,17:30,10,Active,317
2406,Blnd30-79,BK215,T,17:30,10,Active,317
2406,Blnd30-79,BK215,T,17:30,10,Active,317
2406,Blnd30-79,BK215,T,17:30,10,Active,317
2413,In Person,BK227-BOTH,M,8:00,15,Active,317
2415,In Person,BK227-BOTH,W,8:00,15,Active,317
1298,In Person,OM288,MWF,13:00,20,Active,318
1306,In Person,OM287,MWF,11:00,24,Active,318
1321,In Person,OM276,MWF,9:00,10,Active,318
1322,In Person,OM138,MWF,10:00,20,Active,318
1662,In Person,DF114,TH,9:30,20,Active,319
1663,In Person,DF206,TH,12:00,19,Active,319
3574,In Person,DF110,TH,13:30,24,Active,319
3141,In Person,SH200,MW,15:00,20,Active,320
3492,In Person,SH200,TH,15:00,20,Active,320
3493,In Person,SH200,MW,18:00,17,Active,320
3524,In Person,SH200,MW,18:00,2,Active,320
1759,In Person,LY203,MWF,11:00,20,Active,321
1768,In Person,LY203,MW,15:00,12,Active,321
1775,In Person,LY203,MWF,13:00,15,Active,321
1776,In Person,LY203,MWF,12:00,20,Active,321
1480,Blnd30-79,BK101,TH,13:30,19,Active,322
1406,In Person,BK105,TH,12:00,32,Active,322
1475,In Person,BK123,MW,14:00,7,Active,322
1009,In Person,OM28,MWF,9:00,30,Active,323
1010,In Person,OM28,TH,12:00,25,Active,323
1011,In Person,OM28,MWF,8:00,15,Active,323
3090,In Person,OM28,T,15:00,9,Active,323
2492,Blnd30-79,LC123,W,13:00,24,Active,324
3363,Blnd30-79,LC123,W,13:00,11,Active,324
3054,In Person,LC113C,TH,12:00,25,Active,324
3069,In Person,LC123,TH,13:30,23,Active,324
3357,In Person,LC123,TH,13:30,3,Active,324
2296,In Person,OM22B,W,7:00,13,Active,325
2300,In Person,AF103,MWF,10:00,23,Active,325
2301,In Person,AF103,MWF,11:00,43,Active,325
2318,In Person,OM21,MWF,13:00,21,Active,325
1474,In Person,BK127,TH,14:00,10,Active,326
1477,In Person,BK127,TH,12:00,9,Active,326
2320,In Person,OM123,W,18:00,14,Active,327
1408,In Person,BK115,TH,8:00,22,Active,328
1409,In Person,BK115,TH,9:30,24,Active,328
1436,In Person,BK101,MW,12:00,23,Active,328
1437,In Person,BK101,MW,9:00,22,Active,328
1624,In Person,LY206,MWF,10:00,29,Active,329
3127,In Person,DF200,TH,12:00,24,Active,329
1503,In Person,BK240,TH,12:00,13,Active,330
2428,In Person,BK245,T,17:00,6,Active,330
1756,In Person,LY225,MWF,13:00,13,Active,331
1766,In Person,LY109,MWF,10:00,11,Active,331
1785,In Person,LY225,MWF,8:00,9,Active,331
1787,In Person,LY204,MWF,12:00,18,Active,331
2292,In Person,OM23,M,7:00,2,Active,332
2315,In Person,OM21,W,15:00,10,Active,332
2706,In Person,SH108,MW,15:00,6,Active,333
2709,In Person,SH108,MW,15:00,3,Active,333
2722,In Person,SH108,MW,15:00,8,Active,333
2725,In Person,SH108,TH,12:00,20,Active,333
3313,In Person,SH108,TH,18:00,20,Active,333
3529,In Person,SH108,MW,15:00,2,Active,333
3081,In Person,LC225,MWF,9:00,25,Active,334
3083,In Person,LC225,MWF,10:00,25,Active,334
3087,In Person,LC232,MWF,12:00,25,Active,334
3089,In Person,LC232,MWF,13:00,25,Active,334
1346,In Person,OM158,MWF,13:00,6,Active,335
1348,In Person,OM158,MWF,12:00,18,Active,335
1355,In Person,OM299,TH,12:00,24,Active,335
3039,InterTV,OM158,MW,16:30,11,Active,335
3041,InterTV,OM158,MW,16:30,9,Active,335
1745,In Person,LY226,MWF,12:00,23,Active,336
1796,In Person,LY212,MWF,10:00,17,Active,336
1797,In Person,LY114,MWF,13:00,11,Active,336
1836,Blnd30-79,OM136,MW,12:00,16,Active,337
1840,Blnd30-79,OM132,MW,11:00,15,Active,337
1842,Blnd30-79,OM280,MW,10:00,15,Active,337
1855,Blnd30-79,OM141,MW,13:00,19,Active,338
1391,Blnd30-79,OM158,MW,10:00,24,Active,339
1392,Blnd30-79,OM158,MW,11:00,25,Active,339
1507,Blnd30-79,BK235,H,17:00,23,Active,339
3423,Blnd30-79,BK205,M,17:30,10,Active,339
3423,Blnd30-79,BK205,M,17:30,10,Active,339
3423,Blnd30-79,BK205,M,17:30,10,Active,339
3423,Blnd30-79,BK205,M,17:30,10,Active,339
3423,Blnd30-79,BK205,M,17:30,10,Active,339
3426,Blnd30-79,BK203,W,17:30,14,Active,339
3426,Blnd30-79,BK203,W,17:30,14,Active,339
3426,Blnd30-79,BK203,W,17:30,14,Active,339
3426,Blnd30-79,BK203,W,17:30,14,Active,339
3426,Blnd30-79,BK203,W,17:30,14,Active,339
3428,Blnd30-79,BK205,T,17:30,13,Active,339
3428,Blnd30-79,BK205,T,17:30,13,Active,339
3428,Blnd30-79,BK205,T,17:30,13,Active,339
3428,Blnd30-79,BK205,T,17:30,13,Active,339
3428,Blnd30-79,BK205,T,17:30,13,Active,339
1057,In Person,LC232,TH,13:30,30,Active,339
1061,In Person,DF214,W,18:00,30,Active,339
1066,In Person,LC232,TH,12:00,30,Active,339
1071,In Person,DF201,MW,16:30,22,Active,339
1072,In Person,DF213,M,18:00,30,Active,339
1128,In Person,DF114,MW,15:00,11,Active,339
1188,In Person,SH213,TH,8:00,19,Active,339
1207,In Person,SH105,MWF,8:00,17,Active,339
1213,In Person,SH209,MWF,8:00,19,Active,339
1214,In Person,SH209,TH,12:00,16,Active,339
1215,In Person,SH211,MW,15:00,19,Active,339
1219,In Person,SH212,MWF,8:00,20,Active,339
1222,In Person,SH211,TH,12:00,18,Active,339
1225,In Person,SH213,TH,12:00,17,Active,339
1255,In Person,OM138,H,17:00,20,Active,339
1257,In Person,OM299,W,17:00,20,Active,339
1261,In Person,OM276,T,17:00,20,Active,339
1262,In Person,OM288,H,17:00,12,Active,339
1265,In Person,OM123,H,17:00,20,Active,339
1272,In Person,OM23,W,17:00,13,Active,339
1275,In Person,OM281,T,17:00,12,Active,339
1359,In Person,OM299,TH,9:30,23,Active,339
1423,In Person,BK203,TH,13:30,24,Active,339
1460,In Person,BK205,TH,9:30,16,Active,339
1609,In Person,GC2,TH,13:30,24,Active,339
1610,In Person,OM278,TH,15:00,24,Active,339
1749,In Person,BK213,TH,13:30,10,Active,339
1751,In Person,LY114,MWF,12:00,8,Active,339
1752,In Person,BK243,TH,12:00,4,Active,339
1769,In Person,BK241,MWF,12:00,12,Active,339
1773,In Person,BK241,MWF,10:00,9,Active,339
1781,In Person,AF203,TH,9:30,13,Active,339
1793,In Person,AF201,TH,12:00,29,Active,339
1896,In Person,OM31,MW,14:00,18,Active,339
1910,In Person,SA114,M,17:00,7,Active,339
1914,In Person,OM31,MW,13:00,7,Active,339
1915,In Person,OM31,MW,12:00,5,Active,339
1934,In Person,OM125,MW,9:00,3,Active,339
1954,In Person,SA3G,MWF,11:00,18,Active,339
1956,In Person,OM145,TH,12:00,10,Active,339
1958,In Person,SA5G,MWF,12:00,21,Active,339
1965,In Person,SA3G,TH,12:00,11,Active,339
2219,In Person,BK105,TH,9:30,7,Active,339
2220,In Person,BK109,TH,12:00,20,Active,339
2224,In Person,BK109,TH,9:30,35,Active,339
2225,In Person,BK115,MWF,12:00,32,Active,339
2234,In Person,BK113,M,17:30,17,Active,339
2239,In Person,BK218,MWF,12:00,32,Active,339
2245,In Person,BK103,MWF,11:00,32,Active,339
2254,In Person,BK109,MWF,10:00,28,Active,339
2311,In Person,OM23,MWF,11:00,25,Active,339
2317,In Person,OM25,MWF,10:00,11,Active,339
2322,In Person,OM22B,MWF,12:00,7,Active,339
2422,In Person,BK245,W,15:00,11,Active,339
2434,In Person,AF102,TH,9:30,9,Active,339
2444,In Person,KY129,MWF,9:00,28,Active,339
2452,In Person,KY108,TH,9:30,22,Active,339
2453,In Person,KY108,TH,12:00,28,Active,339
2465,In Person,KY129,MWF,11:00,22,Active,339
2475,In Person,DF211,TH,12:00,24,Active,339
2477,In Person,DF200,TH,9:30,22,Active,339
2628,In Person,BH230,T,13:00,19,Active,339
2695,In Person,SH123,TH,9:30,11,Active,339
2758,In Person,SH8G,TH,15:00,18,Active,339
2772,In Person,SH201,TH,8:00,3,Active,339
2780,In Person,SH203,TH,15:00,2,Active,339
2849,In Person,SH206,TH,8:00,8,Active,339
2895,In Person,SH114,TH,15:30,20,Active,339
2987,In Person,OM140,M,17:00,20,Active,339
2989,In Person,OM283,M,17:00,11,Active,339
2992,In Person,OM299,T,17:00,19,Active,339
3030,In Person,DF211,TH,13:30,24,Active,339
3172,In Person,SH211,TH,15:00,19,Active,339
3175,In Person,SH211,TH,18:00,17,Active,339
3195,In Person,SH8G,TH,18:00,18,Active,339
3314,In Person,LC30,MW,9:00,18,Active,339
3315,In Person,LC30,MW,15:00,18,Active,339
3418,In Person,LC30,MW,9:00,2,Active,339
3419,In Person,LC30,MW,15:00,2,Active,339
3437,In Person,DF213,TH,15:00,17,Active,339
3470,In Person,DF215,MW,16:30,20,Active,339
3490,In Person,SA3G,TH,9:30,14,Active,339
3505,In Person,SH111,TH,15:00,13,Active,339
3506,In Person,SH111,TH,15:00,9,Active,339
3507,In Person,SH111,TH,15:00,3,Active,339
3525,In Person,SH120,TH,12:00,6,Active,339
